timeStamp,elapsed,label,responseCode,responseMessage,threadName,dataType,success,failureMessage,bytes,sentBytes,grpThreads,allThreads,URL,Latency,IdleTime,Connect
1662922681732,115,get_method,200,OK,HW_1 1-1,text,true,,168,147,1,1,http://162.55.220.72:5005/get_method?name=Ivan&age=32,115,0,56
1662922681848,133,user_info_2,200,OK,HW_1 1-1,text,true,,463,244,1,1,http://162.55.220.72:5005/user_info_2,133,0,64
1662922681981,131,user_info_3,200,OK,HW_1 1-1,text,true,,368,243,1,1,http://162.55.220.72:5005/user_info_3,131,0,63
1662922682112,139,object_info_1,200,OK,HW_1 1-1,text,true,,231,163,2,2,http://162.55.220.72:5005/object_info_1?name=Kolya&age=31&weight=1300,139,0,67
1662922682133,124,get_method,200,OK,HW_1 1-2,text,true,,168,147,2,2,http://162.55.220.72:5005/get_method?name=Ivan&age=32,124,0,60
1662922682251,133,object_info_2,200,OK,HW_1 1-1,text,true,,453,160,2,2,http://162.55.220.72:5005/object_info_2?name=Alex&age=30&salary=40,133,0,65
1662922682258,151,user_info_2,200,OK,HW_1 1-2,text,true,,463,244,2,2,http://162.55.220.72:5005/user_info_2,150,0,73
1662922682385,151,object_info_3,200,OK,HW_1 1-1,text,true,,525,163,3,3,http://162.55.220.72:5005/object_info_3?name=Frank&age=27&salary=1200,151,0,74
1662922682409,153,user_info_3,200,OK,HW_1 1-2,text,true,,368,243,3,3,http://162.55.220.72:5005/user_info_3,152,0,75
1662922682536,116,object_info_4,200,OK,HW_1 1-1,text,true,,235,161,3,3,http://162.55.220.72:5005/object_info_4?name=Jon&age=30&salary=1500,115,0,57
1662922682534,130,get_method,200,OK,HW_1 1-3,text,true,,168,147,3,3,http://162.55.220.72:5005/get_method?name=Ivan&age=32,130,0,64
1662922682562,129,object_info_1,200,OK,HW_1 1-2,text,true,,231,163,3,3,http://162.55.220.72:5005/object_info_1?name=Kolya&age=31&weight=1300,129,0,63
1662922682652,117,get_method,200,OK,HW_1 1-1,text,true,,168,147,3,3,http://162.55.220.72:5005/get_method?name=Ivan&age=32,117,0,58
1662922682664,117,user_info_2,200,OK,HW_1 1-3,text,true,,463,244,3,3,http://162.55.220.72:5005/user_info_2,117,0,57
1662922682691,116,object_info_2,200,OK,HW_1 1-2,text,true,,453,160,3,3,http://162.55.220.72:5005/object_info_2?name=Alex&age=30&salary=40,116,0,57
1662922682769,112,user_info_2,200,OK,HW_1 1-1,text,true,,463,244,3,3,http://162.55.220.72:5005/user_info_2,112,0,55
1662922682782,132,user_info_3,200,OK,HW_1 1-3,text,true,,368,243,3,3,http://162.55.220.72:5005/user_info_3,132,0,64
1662922682807,132,object_info_3,200,OK,HW_1 1-2,text,true,,525,163,4,4,http://162.55.220.72:5005/object_info_3?name=Frank&age=27&salary=1200,132,0,64
1662922682882,126,user_info_3,200,OK,HW_1 1-1,text,true,,368,243,4,4,http://162.55.220.72:5005/user_info_3,125,0,61
1662922682914,133,object_info_1,200,OK,HW_1 1-3,text,true,,231,163,4,4,http://162.55.220.72:5005/object_info_1?name=Kolya&age=31&weight=1300,133,0,65
1662922682930,134,get_method,200,OK,HW_1 1-4,text,true,,168,147,4,4,http://162.55.220.72:5005/get_method?name=Ivan&age=32,134,0,66
1662922682939,130,object_info_4,200,OK,HW_1 1-2,text,true,,235,161,4,4,http://162.55.220.72:5005/object_info_4?name=Jon&age=30&salary=1500,130,0,64
1662922683008,112,object_info_1,200,OK,HW_1 1-1,text,true,,231,163,4,4,http://162.55.220.72:5005/object_info_1?name=Kolya&age=31&weight=1300,112,0,55
1662922683064,127,user_info_2,200,OK,HW_1 1-4,text,true,,463,244,4,4,http://162.55.220.72:5005/user_info_2,126,0,58
1662922683047,144,object_info_2,200,OK,HW_1 1-3,text,true,,453,160,4,4,http://162.55.220.72:5005/object_info_2?name=Alex&age=30&salary=40,144,0,69
1662922683070,131,get_method,200,OK,HW_1 1-2,text,true,,168,147,4,4,http://162.55.220.72:5005/get_method?name=Ivan&age=32,131,0,63
1662922683120,110,object_info_2,200,OK,HW_1 1-1,text,true,,453,160,4,4,http://162.55.220.72:5005/object_info_2?name=Alex&age=30&salary=40,110,0,55
1662922683191,113,object_info_3,200,OK,HW_1 1-3,text,true,,525,163,4,4,http://162.55.220.72:5005/object_info_3?name=Frank&age=27&salary=1200,113,0,55
1662922683191,137,user_info_3,200,OK,HW_1 1-4,text,true,,368,243,4,4,http://162.55.220.72:5005/user_info_3,137,0,66
1662922683231,120,object_info_3,200,OK,HW_1 1-1,text,true,,525,163,5,5,http://162.55.220.72:5005/object_info_3?name=Frank&age=27&salary=1200,120,0,57
1662922683305,128,object_info_4,200,OK,HW_1 1-3,text,true,,235,161,5,5,http://162.55.220.72:5005/object_info_4?name=Jon&age=30&salary=1500,128,0,62
1662922683328,110,object_info_1,200,OK,HW_1 1-4,text,true,,231,163,5,5,http://162.55.220.72:5005/object_info_1?name=Kolya&age=31&weight=1300,110,0,53
1662922683351,109,object_info_4,200,OK,HW_1 1-1,text,true,,235,161,5,5,http://162.55.220.72:5005/object_info_4?name=Jon&age=30&salary=1500,109,0,53
1662922683332,129,get_method,200,OK,HW_1 1-5,text,true,,168,147,5,5,http://162.55.220.72:5005/get_method?name=Ivan&age=32,129,0,62
1662922683462,124,user_info_2,200,OK,HW_1 1-5,text,true,,463,244,5,5,http://162.55.220.72:5005/user_info_2,124,0,60
1662922683433,155,get_method,200,OK,HW_1 1-3,text,true,,168,147,5,5,http://162.55.220.72:5005/get_method?name=Ivan&age=32,155,0,77
1662922683461,129,get_method,200,OK,HW_1 1-1,text,true,,168,147,5,5,http://162.55.220.72:5005/get_method?name=Ivan&age=32,129,0,63
1662922683438,156,object_info_2,200,OK,HW_1 1-4,text,true,,453,160,5,5,http://162.55.220.72:5005/object_info_2?name=Alex&age=30&salary=40,156,0,75
1662922683594,114,object_info_3,200,OK,HW_1 1-4,text,true,,525,163,5,5,http://162.55.220.72:5005/object_info_3?name=Frank&age=27&salary=1200,114,0,53
1662922683591,123,user_info_2,200,OK,HW_1 1-1,text,true,,463,244,5,5,http://162.55.220.72:5005/user_info_2,123,0,56
1662922683586,136,user_info_3,200,OK,HW_1 1-5,text,true,,368,243,5,5,http://162.55.220.72:5005/user_info_3,136,0,64
1662922683589,155,user_info_2,200,OK,HW_1 1-3,text,true,,463,244,5,5,http://162.55.220.72:5005/user_info_2,155,0,75
1662922683714,122,user_info_3,200,OK,HW_1 1-1,text,true,,368,243,5,5,http://162.55.220.72:5005/user_info_3,122,0,57
1662922683722,117,object_info_1,200,OK,HW_1 1-5,text,true,,231,163,5,5,http://162.55.220.72:5005/object_info_1?name=Kolya&age=31&weight=1300,117,0,57
1662922683708,140,object_info_4,200,OK,HW_1 1-4,text,true,,235,161,5,5,http://162.55.220.72:5005/object_info_4?name=Jon&age=30&salary=1500,140,0,66
1662922683744,132,user_info_3,200,OK,HW_1 1-3,text,true,,368,243,5,5,http://162.55.220.72:5005/user_info_3,131,0,64
1662922683837,111,object_info_1,200,OK,HW_1 1-1,text,true,,231,163,5,5,http://162.55.220.72:5005/object_info_1?name=Kolya&age=31&weight=1300,111,0,53
1662922683840,116,object_info_2,200,OK,HW_1 1-5,text,true,,453,160,5,5,http://162.55.220.72:5005/object_info_2?name=Alex&age=30&salary=40,116,0,57
1662922683876,129,object_info_1,200,OK,HW_1 1-3,text,true,,231,163,5,5,http://162.55.220.72:5005/object_info_1?name=Kolya&age=31&weight=1300,129,0,64
1662922683957,124,object_info_3,200,OK,HW_1 1-5,text,true,,525,163,5,5,http://162.55.220.72:5005/object_info_3?name=Frank&age=27&salary=1200,123,0,60
1662922683848,269,get_method,200,OK,HW_1 1-4,text,true,,168,147,5,5,http://162.55.220.72:5005/get_method?name=Ivan&age=32,269,0,64
1662922684006,117,object_info_2,200,OK,HW_1 1-3,text,true,,453,160,5,5,http://162.55.220.72:5005/object_info_2?name=Alex&age=30&salary=40,116,0,56
1662922683948,227,object_info_2,200,OK,HW_1 1-1,text,true,,453,160,5,5,http://162.55.220.72:5005/object_info_2?name=Alex&age=30&salary=40,227,0,53
1662922684081,135,object_info_4,200,OK,HW_1 1-5,text,true,,235,161,5,5,http://162.55.220.72:5005/object_info_4?name=Jon&age=30&salary=1500,135,0,66
1662922684123,111,object_info_3,200,OK,HW_1 1-3,text,true,,525,163,5,5,http://162.55.220.72:5005/object_info_3?name=Frank&age=27&salary=1200,111,0,52
1662922684118,120,user_info_2,200,OK,HW_1 1-4,text,true,,463,244,5,5,http://162.55.220.72:5005/user_info_2,120,0,57
1662922684175,113,object_info_3,200,OK,HW_1 1-1,text,true,,525,163,5,5,http://162.55.220.72:5005/object_info_3?name=Frank&age=27&salary=1200,113,0,54
1662922684216,124,get_method,200,OK,HW_1 1-5,text,true,,168,147,5,5,http://162.55.220.72:5005/get_method?name=Ivan&age=32,124,0,61
1662922683201,1157,user_info_2,200,OK,HW_1 1-2,text,true,,463,244,5,5,http://162.55.220.72:5005/user_info_2,1156,0,1087
1662922684238,123,user_info_3,200,OK,HW_1 1-4,text,true,,368,243,5,5,http://162.55.220.72:5005/user_info_3,123,0,53
1662922684234,138,object_info_4,200,OK,HW_1 1-3,text,true,,235,161,5,5,http://162.55.220.72:5005/object_info_4?name=Jon&age=30&salary=1500,138,0,64
1662922684289,109,object_info_4,200,OK,HW_1 1-1,text,true,,235,161,5,5,http://162.55.220.72:5005/object_info_4?name=Jon&age=30&salary=1500,109,0,53
1662922684340,133,user_info_2,200,OK,HW_1 1-5,text,true,,463,244,5,5,http://162.55.220.72:5005/user_info_2,133,0,64
1662922684358,135,user_info_3,200,OK,HW_1 1-2,text,true,,368,243,5,5,http://162.55.220.72:5005/user_info_3,135,0,65
1662922684372,125,get_method,200,OK,HW_1 1-3,text,true,,168,147,5,5,http://162.55.220.72:5005/get_method?name=Ivan&age=32,125,0,61
1662922684361,136,object_info_1,200,OK,HW_1 1-4,text,true,,231,163,5,5,http://162.55.220.72:5005/object_info_1?name=Kolya&age=31&weight=1300,136,0,66
1662922684399,132,get_method,200,OK,HW_1 1-1,text,true,,168,147,5,5,http://162.55.220.72:5005/get_method?name=Ivan&age=32,132,0,64
1662922684493,119,object_info_1,200,OK,HW_1 1-2,text,true,,231,163,5,5,http://162.55.220.72:5005/object_info_1?name=Kolya&age=31&weight=1300,119,0,58
1662922684473,147,user_info_3,200,OK,HW_1 1-5,text,true,,368,243,5,5,http://162.55.220.72:5005/user_info_3,147,0,68
1662922684497,128,user_info_2,200,OK,HW_1 1-3,text,true,,463,244,5,5,http://162.55.220.72:5005/user_info_2,128,0,62
1662922684498,153,object_info_2,200,OK,HW_1 1-4,text,true,,453,160,5,5,http://162.55.220.72:5005/object_info_2?name=Alex&age=30&salary=40,152,0,75
1662922684531,126,user_info_2,200,OK,HW_1 1-1,text,true,,463,244,5,5,http://162.55.220.72:5005/user_info_2,126,0,62
1662922684613,135,object_info_2,200,OK,HW_1 1-2,text,true,,453,160,5,5,http://162.55.220.72:5005/object_info_2?name=Alex&age=30&salary=40,134,0,65
1662922684620,130,object_info_1,200,OK,HW_1 1-5,text,true,,231,163,5,5,http://162.55.220.72:5005/object_info_1?name=Kolya&age=31&weight=1300,130,0,64
1662922684626,131,user_info_3,200,OK,HW_1 1-3,text,true,,368,243,5,5,http://162.55.220.72:5005/user_info_3,130,0,64
1662922684651,113,object_info_3,200,OK,HW_1 1-4,text,true,,525,163,5,5,http://162.55.220.72:5005/object_info_3?name=Frank&age=27&salary=1200,113,0,55
1662922684657,113,user_info_3,200,OK,HW_1 1-1,text,true,,368,243,5,5,http://162.55.220.72:5005/user_info_3,113,0,55
1662922684748,125,object_info_3,200,OK,HW_1 1-2,text,true,,525,163,5,5,http://162.55.220.72:5005/object_info_3?name=Frank&age=27&salary=1200,125,0,61
1662922684751,133,object_info_2,200,OK,HW_1 1-5,text,true,,453,160,5,5,http://162.55.220.72:5005/object_info_2?name=Alex&age=30&salary=40,133,0,64
1662922684757,133,object_info_1,200,OK,HW_1 1-3,text,true,,231,163,5,5,http://162.55.220.72:5005/object_info_1?name=Kolya&age=31&weight=1300,133,0,65
1662922684770,144,object_info_1,200,OK,HW_1 1-1,text,true,,231,163,5,5,http://162.55.220.72:5005/object_info_1?name=Kolya&age=31&weight=1300,143,0,69
1662922684764,159,object_info_4,200,OK,HW_1 1-4,text,true,,235,161,5,5,http://162.55.220.72:5005/object_info_4?name=Jon&age=30&salary=1500,159,0,77
1662922684874,115,object_info_4,200,OK,HW_1 1-2,text,true,,235,161,5,5,http://162.55.220.72:5005/object_info_4?name=Jon&age=30&salary=1500,115,0,56
1662922684884,127,object_info_3,200,OK,HW_1 1-5,text,true,,525,163,5,5,http://162.55.220.72:5005/object_info_3?name=Frank&age=27&salary=1200,127,0,63
1662922684890,134,object_info_2,200,OK,HW_1 1-3,text,true,,453,160,5,5,http://162.55.220.72:5005/object_info_2?name=Alex&age=30&salary=40,134,0,66
1662922684923,110,get_method,200,OK,HW_1 1-4,text,true,,168,147,5,5,http://162.55.220.72:5005/get_method?name=Ivan&age=32,110,0,53
1662922684914,132,object_info_2,200,OK,HW_1 1-1,text,true,,453,160,5,5,http://162.55.220.72:5005/object_info_2?name=Alex&age=30&salary=40,132,0,63
1662922684989,109,get_method,200,OK,HW_1 1-2,text,true,,168,147,5,5,http://162.55.220.72:5005/get_method?name=Ivan&age=32,109,0,54
1662922685011,131,object_info_4,200,OK,HW_1 1-5,text,true,,235,161,5,5,http://162.55.220.72:5005/object_info_4?name=Jon&age=30&salary=1500,130,0,64
1662922685024,124,object_info_3,200,OK,HW_1 1-3,text,true,,525,163,5,5,http://162.55.220.72:5005/object_info_3?name=Frank&age=27&salary=1200,123,0,61
1662922685033,127,user_info_2,200,OK,HW_1 1-4,text,true,,463,244,5,5,http://162.55.220.72:5005/user_info_2,126,0,62
1662922685046,117,object_info_3,200,OK,HW_1 1-1,text,true,,525,163,5,5,http://162.55.220.72:5005/object_info_3?name=Frank&age=27&salary=1200,117,0,58
1662922685098,133,user_info_2,200,OK,HW_1 1-2,text,true,,463,244,5,5,http://162.55.220.72:5005/user_info_2,133,0,65
1662922685160,123,user_info_3,200,OK,HW_1 1-4,text,true,,368,243,5,5,http://162.55.220.72:5005/user_info_3,123,0,58
1662922685142,141,get_method,200,OK,HW_1 1-5,text,true,,168,147,5,5,http://162.55.220.72:5005/get_method?name=Ivan&age=32,141,0,69
1662922685148,137,object_info_4,200,OK,HW_1 1-3,text,true,,235,161,5,5,http://162.55.220.72:5005/object_info_4?name=Jon&age=30&salary=1500,137,0,66
1662922685163,154,object_info_4,200,OK,HW_1 1-1,text,true,,235,161,5,5,http://162.55.220.72:5005/object_info_4?name=Jon&age=30&salary=1500,154,0,76
1662922685232,153,user_info_3,200,OK,HW_1 1-2,text,true,,368,243,5,5,http://162.55.220.72:5005/user_info_3,152,0,75
1662922685286,109,get_method,200,OK,HW_1 1-3,text,true,,168,147,5,5,http://162.55.220.72:5005/get_method?name=Ivan&age=32,109,0,54
1662922685283,118,object_info_1,200,OK,HW_1 1-4,text,true,,231,163,5,5,http://162.55.220.72:5005/object_info_1?name=Kolya&age=31&weight=1300,118,0,58
1662922685284,123,user_info_2,200,OK,HW_1 1-5,text,true,,463,244,5,5,http://162.55.220.72:5005/user_info_2,122,0,61
1662922685317,131,get_method,200,OK,HW_1 1-1,text,true,,168,147,5,5,http://162.55.220.72:5005/get_method?name=Ivan&age=32,131,0,64
1662922685385,113,object_info_1,200,OK,HW_1 1-2,text,true,,231,163,5,5,http://162.55.220.72:5005/object_info_1?name=Kolya&age=31&weight=1300,113,0,55
1662922685401,124,object_info_2,200,OK,HW_1 1-4,text,true,,453,160,5,5,http://162.55.220.72:5005/object_info_2?name=Alex&age=30&salary=40,124,0,58
1662922685416,119,user_info_3,200,OK,HW_1 1-5,text,true,,368,243,5,5,http://162.55.220.72:5005/user_info_3,119,0,58
1662922685395,140,user_info_2,200,OK,HW_1 1-3,text,true,,463,244,5,5,http://162.55.220.72:5005/user_info_2,140,0,67
1662922685449,134,user_info_2,200,OK,HW_1 1-1,text,true,,463,244,5,5,http://162.55.220.72:5005/user_info_2,134,0,66
1662922685498,116,object_info_2,200,OK,HW_1 1-2,text,true,,453,160,5,5,http://162.55.220.72:5005/object_info_2?name=Alex&age=30&salary=40,116,0,57
1662922685525,125,object_info_3,200,OK,HW_1 1-4,text,true,,525,163,5,5,http://162.55.220.72:5005/object_info_3?name=Frank&age=27&salary=1200,125,0,62
1662922685535,134,object_info_1,200,OK,HW_1 1-5,text,true,,231,163,5,5,http://162.55.220.72:5005/object_info_1?name=Kolya&age=31&weight=1300,134,0,66
1662922685536,158,user_info_3,200,OK,HW_1 1-3,text,true,,368,243,5,5,http://162.55.220.72:5005/user_info_3,157,0,77
1662922685584,154,user_info_3,200,OK,HW_1 1-1,text,true,,368,243,5,5,http://162.55.220.72:5005/user_info_3,154,0,76
1662922685614,138,object_info_3,200,OK,HW_1 1-2,text,true,,525,163,5,5,http://162.55.220.72:5005/object_info_3?name=Frank&age=27&salary=1200,138,0,68
1662922685651,151,object_info_4,200,OK,HW_1 1-4,text,true,,235,161,5,5,http://162.55.220.72:5005/object_info_4?name=Jon&age=30&salary=1500,151,0,74
1662922685694,127,object_info_1,200,OK,HW_1 1-3,text,true,,231,163,5,5,http://162.55.220.72:5005/object_info_1?name=Kolya&age=31&weight=1300,127,0,62
1662922685738,134,object_info_1,200,OK,HW_1 1-1,text,true,,231,163,5,5,http://162.55.220.72:5005/object_info_1?name=Kolya&age=31&weight=1300,134,0,66
1662922685752,134,object_info_4,200,OK,HW_1 1-2,text,true,,235,161,5,5,http://162.55.220.72:5005/object_info_4?name=Jon&age=30&salary=1500,134,0,66
1662922685802,131,get_method,200,OK,HW_1 1-4,text,true,,168,147,5,5,http://162.55.220.72:5005/get_method?name=Ivan&age=32,130,0,65
1662922685821,139,object_info_2,200,OK,HW_1 1-3,text,true,,453,160,5,5,http://162.55.220.72:5005/object_info_2?name=Alex&age=30&salary=40,138,0,68
1662922685873,119,object_info_2,200,OK,HW_1 1-1,text,true,,453,160,5,5,http://162.55.220.72:5005/object_info_2?name=Alex&age=30&salary=40,119,0,57
1662922685887,150,get_method,200,OK,HW_1 1-2,text,true,,168,147,5,5,http://162.55.220.72:5005/get_method?name=Ivan&age=32,150,0,73
1662922685933,154,user_info_2,200,OK,HW_1 1-4,text,true,,463,244,5,5,http://162.55.220.72:5005/user_info_2,154,0,76
1662922685960,131,object_info_3,200,OK,HW_1 1-3,text,true,,525,163,5,5,http://162.55.220.72:5005/object_info_3?name=Frank&age=27&salary=1200,131,0,64
1662922685993,153,object_info_3,200,OK,HW_1 1-1,text,true,,525,163,5,5,http://162.55.220.72:5005/object_info_3?name=Frank&age=27&salary=1200,153,0,75
1662922686037,136,user_info_2,200,OK,HW_1 1-2,text,true,,463,244,5,5,http://162.55.220.72:5005/user_info_2,136,0,66
1662922686088,146,user_info_3,200,OK,HW_1 1-4,text,true,,368,243,5,5,http://162.55.220.72:5005/user_info_3,146,0,72
1662922685670,568,object_info_2,200,OK,HW_1 1-5,text,true,,453,160,5,5,http://162.55.220.72:5005/object_info_2?name=Alex&age=30&salary=40,568,0,61
1662922686092,157,object_info_4,200,OK,HW_1 1-3,text,true,,235,161,5,5,http://162.55.220.72:5005/object_info_4?name=Jon&age=30&salary=1500,157,0,76
1662922686146,110,object_info_4,200,OK,HW_1 1-1,text,true,,235,161,5,5,http://162.55.220.72:5005/object_info_4?name=Jon&age=30&salary=1500,110,0,53
1662922686173,117,user_info_3,200,OK,HW_1 1-2,text,true,,368,243,5,5,http://162.55.220.72:5005/user_info_3,117,0,57
1662922686235,117,object_info_1,200,OK,HW_1 1-4,text,true,,231,163,5,5,http://162.55.220.72:5005/object_info_1?name=Kolya&age=31&weight=1300,117,0,56
1662922686238,134,object_info_3,200,OK,HW_1 1-5,text,true,,525,163,5,5,http://162.55.220.72:5005/object_info_3?name=Frank&age=27&salary=1200,134,0,66
1662922686257,136,get_method,200,OK,HW_1 1-1,text,true,,168,147,5,5,http://162.55.220.72:5005/get_method?name=Ivan&age=32,136,0,65
1662922686250,144,get_method,200,OK,HW_1 1-3,text,true,,168,147,5,5,http://162.55.220.72:5005/get_method?name=Ivan&age=32,144,0,66
1662922686290,134,object_info_1,200,OK,HW_1 1-2,text,true,,231,163,5,5,http://162.55.220.72:5005/object_info_1?name=Kolya&age=31&weight=1300,134,0,65
1662922686352,117,object_info_2,200,OK,HW_1 1-4,text,true,,453,160,5,5,http://162.55.220.72:5005/object_info_2?name=Alex&age=30&salary=40,117,0,57
1662922686373,109,object_info_4,200,OK,HW_1 1-5,text,true,,235,161,5,5,http://162.55.220.72:5005/object_info_4?name=Jon&age=30&salary=1500,109,0,53
1662922686393,132,user_info_2,200,OK,HW_1 1-1,text,true,,463,244,5,5,http://162.55.220.72:5005/user_info_2,131,0,64
1662922686424,156,object_info_2,200,OK,HW_1 1-2,text,true,,453,160,5,5,http://162.55.220.72:5005/object_info_2?name=Alex&age=30&salary=40,156,0,76
1662922686469,126,object_info_3,200,OK,HW_1 1-4,text,true,,525,163,5,5,http://162.55.220.72:5005/object_info_3?name=Frank&age=27&salary=1200,126,0,62
1662922686482,136,get_method,200,OK,HW_1 1-5,text,true,,168,147,5,5,http://162.55.220.72:5005/get_method?name=Ivan&age=32,136,0,67
1662922686525,113,user_info_3,200,OK,HW_1 1-1,text,true,,368,243,5,5,http://162.55.220.72:5005/user_info_3,113,0,55
1662922686394,293,user_info_2,200,OK,HW_1 1-3,text,true,,463,244,5,5,http://162.55.220.72:5005/user_info_2,293,0,69
1662922686580,131,object_info_3,200,OK,HW_1 1-2,text,true,,525,163,5,5,http://162.55.220.72:5005/object_info_3?name=Frank&age=27&salary=1200,131,0,64
1662922686618,136,user_info_2,200,OK,HW_1 1-5,text,true,,463,244,5,5,http://162.55.220.72:5005/user_info_2,136,0,66
1662922686639,134,object_info_1,200,OK,HW_1 1-1,text,true,,231,163,5,5,http://162.55.220.72:5005/object_info_1?name=Kolya&age=31&weight=1300,133,0,65
1662922686687,152,user_info_3,200,OK,HW_1 1-3,text,true,,368,243,5,5,http://162.55.220.72:5005/user_info_3,152,0,74
1662922686712,144,object_info_4,200,OK,HW_1 1-2,text,true,,235,161,5,5,http://162.55.220.72:5005/object_info_4?name=Jon&age=30&salary=1500,144,0,71
1662922686595,272,object_info_4,200,OK,HW_1 1-4,text,true,,235,161,5,5,http://162.55.220.72:5005/object_info_4?name=Jon&age=30&salary=1500,272,0,65
1662922686755,138,user_info_3,200,OK,HW_1 1-5,text,true,,368,243,5,5,http://162.55.220.72:5005/user_info_3,138,0,67
1662922686773,131,object_info_2,200,OK,HW_1 1-1,text,true,,453,160,5,5,http://162.55.220.72:5005/object_info_2?name=Alex&age=30&salary=40,131,0,65
1662922686840,132,object_info_1,200,OK,HW_1 1-3,text,true,,231,163,5,5,http://162.55.220.72:5005/object_info_1?name=Kolya&age=31&weight=1300,132,0,65
1662922686867,125,get_method,200,OK,HW_1 1-4,text,true,,168,147,5,5,http://162.55.220.72:5005/get_method?name=Ivan&age=32,125,0,62
1662922686856,136,get_method,200,OK,HW_1 1-2,text,true,,168,147,5,5,http://162.55.220.72:5005/get_method?name=Ivan&age=32,136,0,67
1662922686893,129,object_info_1,200,OK,HW_1 1-5,text,true,,231,163,5,5,http://162.55.220.72:5005/object_info_1?name=Kolya&age=31&weight=1300,129,0,63
1662922686904,127,object_info_3,200,OK,HW_1 1-1,text,true,,525,163,5,5,http://162.55.220.72:5005/object_info_3?name=Frank&age=27&salary=1200,127,0,63
1662922686973,125,object_info_2,200,OK,HW_1 1-3,text,true,,453,160,5,5,http://162.55.220.72:5005/object_info_2?name=Alex&age=30&salary=40,125,0,61
1662922686992,126,user_info_2,200,OK,HW_1 1-4,text,true,,463,244,5,5,http://162.55.220.72:5005/user_info_2,126,0,61
1662922686992,137,user_info_2,200,OK,HW_1 1-2,text,true,,463,244,5,5,http://162.55.220.72:5005/user_info_2,137,0,67
1662922687022,112,object_info_2,200,OK,HW_1 1-5,text,true,,453,160,5,5,http://162.55.220.72:5005/object_info_2?name=Alex&age=30&salary=40,112,0,55
1662922687032,150,object_info_4,200,OK,HW_1 1-1,text,true,,235,161,5,5,http://162.55.220.72:5005/object_info_4?name=Jon&age=30&salary=1500,150,0,73
1662922687099,109,object_info_3,200,OK,HW_1 1-3,text,true,,525,163,5,5,http://162.55.220.72:5005/object_info_3?name=Frank&age=27&salary=1200,109,0,53
1662922687118,133,user_info_3,200,OK,HW_1 1-4,text,true,,368,243,5,5,http://162.55.220.72:5005/user_info_3,133,0,64
1662922687134,140,object_info_3,200,OK,HW_1 1-5,text,true,,525,163,5,5,http://162.55.220.72:5005/object_info_3?name=Frank&age=27&salary=1200,140,0,69
1662922687129,151,user_info_3,200,OK,HW_1 1-2,text,true,,368,243,5,5,http://162.55.220.72:5005/user_info_3,151,0,73
1662922687182,134,get_method,200,OK,HW_1 1-1,text,true,,168,147,5,5,http://162.55.220.72:5005/get_method?name=Ivan&age=32,134,0,66
1662922687208,126,object_info_4,200,OK,HW_1 1-3,text,true,,235,161,5,5,http://162.55.220.72:5005/object_info_4?name=Jon&age=30&salary=1500,126,0,62
1662922687251,116,object_info_1,200,OK,HW_1 1-4,text,true,,231,163,5,5,http://162.55.220.72:5005/object_info_1?name=Kolya&age=31&weight=1300,116,0,58
1662922687275,114,object_info_4,200,OK,HW_1 1-5,text,true,,235,161,5,5,http://162.55.220.72:5005/object_info_4?name=Jon&age=30&salary=1500,113,0,56
1662922687281,122,object_info_1,200,OK,HW_1 1-2,text,true,,231,163,5,5,http://162.55.220.72:5005/object_info_1?name=Kolya&age=31&weight=1300,122,0,60
1662922687334,109,get_method,200,OK,HW_1 1-3,text,true,,168,147,5,5,http://162.55.220.72:5005/get_method?name=Ivan&age=32,109,0,53
1662922687316,129,user_info_2,200,OK,HW_1 1-1,text,true,,463,244,5,5,http://162.55.220.72:5005/user_info_2,129,0,64
1662922687367,110,object_info_2,200,OK,HW_1 1-4,text,true,,453,160,5,5,http://162.55.220.72:5005/object_info_2?name=Alex&age=30&salary=40,110,0,54
1662922687389,116,get_method,200,OK,HW_1 1-5,text,true,,168,147,5,5,http://162.55.220.72:5005/get_method?name=Ivan&age=32,116,0,57
1662922687404,109,object_info_2,200,OK,HW_1 1-2,text,true,,453,160,5,5,http://162.55.220.72:5005/object_info_2?name=Alex&age=30&salary=40,109,0,54
1662922687443,116,user_info_2,200,OK,HW_1 1-3,text,true,,463,244,5,5,http://162.55.220.72:5005/user_info_2,116,0,58
1662922687445,123,user_info_3,200,OK,HW_1 1-1,text,true,,368,243,5,5,http://162.55.220.72:5005/user_info_3,123,0,61
1662922687477,117,object_info_3,200,OK,HW_1 1-4,text,true,,525,163,5,5,http://162.55.220.72:5005/object_info_3?name=Frank&age=27&salary=1200,117,0,57
1662922687514,109,object_info_3,200,OK,HW_1 1-2,text,true,,525,163,5,5,http://162.55.220.72:5005/object_info_3?name=Frank&age=27&salary=1200,109,0,53
1662922687505,141,user_info_2,200,OK,HW_1 1-5,text,true,,463,244,5,5,http://162.55.220.72:5005/user_info_2,141,0,69
1662922687559,133,user_info_3,200,OK,HW_1 1-3,text,true,,368,243,5,5,http://162.55.220.72:5005/user_info_3,133,0,65
1662922687568,155,object_info_1,200,OK,HW_1 1-1,text,true,,231,163,5,5,http://162.55.220.72:5005/object_info_1?name=Kolya&age=31&weight=1300,154,0,76
1662922687594,157,object_info_4,200,OK,HW_1 1-4,text,true,,235,161,5,5,http://162.55.220.72:5005/object_info_4?name=Jon&age=30&salary=1500,157,0,77
1662922687624,130,object_info_4,200,OK,HW_1 1-2,text,true,,235,161,5,5,http://162.55.220.72:5005/object_info_4?name=Jon&age=30&salary=1500,129,0,64
1662922687647,131,user_info_3,200,OK,HW_1 1-5,text,true,,368,243,5,5,http://162.55.220.72:5005/user_info_3,131,0,61
1662922687692,108,object_info_1,200,OK,HW_1 1-3,text,true,,231,163,5,5,http://162.55.220.72:5005/object_info_1?name=Kolya&age=31&weight=1300,108,0,53
1662922687723,128,object_info_2,200,OK,HW_1 1-1,text,true,,453,160,5,5,http://162.55.220.72:5005/object_info_2?name=Alex&age=30&salary=40,128,0,63
1662922687754,113,get_method,200,OK,HW_1 1-2,text,true,,168,147,5,5,http://162.55.220.72:5005/get_method?name=Ivan&age=32,113,0,55
1662922687751,117,get_method,200,OK,HW_1 1-4,text,true,,168,147,5,5,http://162.55.220.72:5005/get_method?name=Ivan&age=32,117,0,57
1662922687778,117,object_info_1,200,OK,HW_1 1-5,text,true,,231,163,5,5,http://162.55.220.72:5005/object_info_1?name=Kolya&age=31&weight=1300,117,0,58
1662922687800,125,object_info_2,200,OK,HW_1 1-3,text,true,,453,160,5,5,http://162.55.220.72:5005/object_info_2?name=Alex&age=30&salary=40,125,0,62
1662922687852,122,object_info_3,200,OK,HW_1 1-1,text,true,,525,163,5,5,http://162.55.220.72:5005/object_info_3?name=Frank&age=27&salary=1200,122,0,58
1662922687867,115,user_info_2,200,OK,HW_1 1-2,text,true,,463,244,5,5,http://162.55.220.72:5005/user_info_2,114,0,55
1662922687868,126,user_info_2,200,OK,HW_1 1-4,text,true,,463,244,5,5,http://162.55.220.72:5005/user_info_2,125,0,62
1662922687896,148,object_info_2,200,OK,HW_1 1-5,text,true,,453,160,5,5,http://162.55.220.72:5005/object_info_2?name=Alex&age=30&salary=40,148,0,71
1662922687927,141,object_info_3,200,OK,HW_1 1-3,text,true,,525,163,5,5,http://162.55.220.72:5005/object_info_3?name=Frank&age=27&salary=1200,141,0,69
1662922687974,140,object_info_4,200,OK,HW_1 1-1,text,true,,235,161,5,5,http://162.55.220.72:5005/object_info_4?name=Jon&age=30&salary=1500,140,0,68
1662922687982,132,user_info_3,200,OK,HW_1 1-2,text,true,,368,243,5,5,http://162.55.220.72:5005/user_info_3,132,0,65
1662922687994,139,user_info_3,200,OK,HW_1 1-4,text,true,,368,243,5,5,http://162.55.220.72:5005/user_info_3,138,0,67
1662922688044,155,object_info_3,200,OK,HW_1 1-5,text,true,,525,163,5,5,http://162.55.220.72:5005/object_info_3?name=Frank&age=27&salary=1200,155,0,77
1662922688069,131,object_info_4,200,OK,HW_1 1-3,text,true,,235,161,5,5,http://162.55.220.72:5005/object_info_4?name=Jon&age=30&salary=1500,131,0,64
1662922688115,135,object_info_1,200,OK,HW_1 1-2,text,true,,231,163,5,5,http://162.55.220.72:5005/object_info_1?name=Kolya&age=31&weight=1300,134,0,66
1662922688114,136,get_method,200,OK,HW_1 1-1,text,true,,168,147,5,5,http://162.55.220.72:5005/get_method?name=Ivan&age=32,135,0,65
1662922688133,124,object_info_1,200,OK,HW_1 1-4,text,true,,231,163,5,5,http://162.55.220.72:5005/object_info_1?name=Kolya&age=31&weight=1300,124,0,61
1662922688199,112,object_info_4,200,OK,HW_1 1-5,text,true,,235,161,5,5,http://162.55.220.72:5005/object_info_4?name=Jon&age=30&salary=1500,112,0,55
1662922688200,136,get_method,200,OK,HW_1 1-3,text,true,,168,147,5,5,http://162.55.220.72:5005/get_method?name=Ivan&age=32,136,0,67
1662922688250,112,user_info_2,200,OK,HW_1 1-1,text,true,,463,244,5,5,http://162.55.220.72:5005/user_info_2,112,0,54
1662922688258,117,object_info_2,200,OK,HW_1 1-4,text,true,,453,160,5,5,http://162.55.220.72:5005/object_info_2?name=Alex&age=30&salary=40,117,0,56
1662922688311,127,get_method,200,OK,HW_1 1-5,text,true,,168,147,5,5,http://162.55.220.72:5005/get_method?name=Ivan&age=32,127,0,61
1662922688336,126,user_info_2,200,OK,HW_1 1-3,text,true,,463,244,5,5,http://162.55.220.72:5005/user_info_2,126,0,61
1662922688362,117,user_info_3,200,OK,HW_1 1-1,text,true,,368,243,5,5,http://162.55.220.72:5005/user_info_3,117,0,57
1662922688375,136,object_info_3,200,OK,HW_1 1-4,text,true,,525,163,5,5,http://162.55.220.72:5005/object_info_3?name=Frank&age=27&salary=1200,136,0,66
1662922688439,110,user_info_2,200,OK,HW_1 1-5,text,true,,463,244,5,5,http://162.55.220.72:5005/user_info_2,110,0,53
1662922688250,326,object_info_2,200,OK,HW_1 1-2,text,true,,453,160,5,5,http://162.55.220.72:5005/object_info_2?name=Alex&age=30&salary=40,325,0,78
1662922688462,133,user_info_3,200,OK,HW_1 1-3,text,true,,368,243,5,5,http://162.55.220.72:5005/user_info_3,133,0,64
1662922688480,132,object_info_1,200,OK,HW_1 1-1,text,true,,231,163,5,5,http://162.55.220.72:5005/object_info_1?name=Kolya&age=31&weight=1300,132,0,64
1662922688512,132,object_info_4,200,OK,HW_1 1-4,text,true,,235,161,5,5,http://162.55.220.72:5005/object_info_4?name=Jon&age=30&salary=1500,132,0,64
1662922688549,131,user_info_3,200,OK,HW_1 1-5,text,true,,368,243,5,5,http://162.55.220.72:5005/user_info_3,131,0,64
1662922688576,146,object_info_3,200,OK,HW_1 1-2,text,true,,525,163,5,5,http://162.55.220.72:5005/object_info_3?name=Frank&age=27&salary=1200,146,0,72
1662922688596,129,object_info_1,200,OK,HW_1 1-3,text,true,,231,163,5,5,http://162.55.220.72:5005/object_info_1?name=Kolya&age=31&weight=1300,129,0,64
1662922688612,129,object_info_2,200,OK,HW_1 1-1,text,true,,453,160,5,5,http://162.55.220.72:5005/object_info_2?name=Alex&age=30&salary=40,129,0,64
1662922688645,110,get_method,200,OK,HW_1 1-4,text,true,,168,147,5,5,http://162.55.220.72:5005/get_method?name=Ivan&age=32,110,0,54
1662922688681,133,object_info_1,200,OK,HW_1 1-5,text,true,,231,163,5,5,http://162.55.220.72:5005/object_info_1?name=Kolya&age=31&weight=1300,133,0,65
1662922688723,116,object_info_4,200,OK,HW_1 1-2,text,true,,235,161,5,5,http://162.55.220.72:5005/object_info_4?name=Jon&age=30&salary=1500,116,0,55
1662922688725,115,object_info_2,200,OK,HW_1 1-3,text,true,,453,160,5,5,http://162.55.220.72:5005/object_info_2?name=Alex&age=30&salary=40,115,0,55
1662922688741,133,object_info_3,200,OK,HW_1 1-1,text,true,,525,163,5,5,http://162.55.220.72:5005/object_info_3?name=Frank&age=27&salary=1200,133,0,66
1662922688815,111,object_info_2,200,OK,HW_1 1-5,text,true,,453,160,5,5,http://162.55.220.72:5005/object_info_2?name=Alex&age=30&salary=40,111,0,54
1662922688839,126,get_method,200,OK,HW_1 1-2,text,true,,168,147,5,5,http://162.55.220.72:5005/get_method?name=Ivan&age=32,126,0,62
1662922688840,138,object_info_3,200,OK,HW_1 1-3,text,true,,525,163,5,5,http://162.55.220.72:5005/object_info_3?name=Frank&age=27&salary=1200,137,0,67
1662922688875,131,object_info_4,200,OK,HW_1 1-1,text,true,,235,161,5,5,http://162.55.220.72:5005/object_info_4?name=Jon&age=30&salary=1500,131,0,64
1662922688934,110,object_info_3,200,OK,HW_1 1-5,text,true,,525,163,5,5,http://162.55.220.72:5005/object_info_3?name=Frank&age=27&salary=1200,110,0,54
1662922688966,129,user_info_2,200,OK,HW_1 1-2,text,true,,463,244,5,5,http://162.55.220.72:5005/user_info_2,129,0,63
1662922688978,138,object_info_4,200,OK,HW_1 1-3,text,true,,235,161,5,5,http://162.55.220.72:5005/object_info_4?name=Jon&age=30&salary=1500,138,0,68
1662922689006,141,get_method,200,OK,HW_1 1-1,text,true,,168,147,5,5,http://162.55.220.72:5005/get_method?name=Ivan&age=32,140,0,68
1662922689044,121,object_info_4,200,OK,HW_1 1-5,text,true,,235,161,5,5,http://162.55.220.72:5005/object_info_4?name=Jon&age=30&salary=1500,121,0,59
1662922689095,149,user_info_3,200,OK,HW_1 1-2,text,true,,368,243,5,5,http://162.55.220.72:5005/user_info_3,149,0,72
1662922689117,156,get_method,200,OK,HW_1 1-3,text,true,,168,147,5,5,http://162.55.220.72:5005/get_method?name=Ivan&age=32,155,0,76
1662922689147,155,user_info_2,200,OK,HW_1 1-1,text,true,,463,244,5,5,http://162.55.220.72:5005/user_info_2,155,0,75
1662922689165,138,get_method,200,OK,HW_1 1-5,text,true,,168,147,5,5,http://162.55.220.72:5005/get_method?name=Ivan&age=32,138,0,66
1662922688755,559,user_info_2,200,OK,HW_1 1-4,text,true,,463,244,5,5,http://162.55.220.72:5005/user_info_2,559,0,66
1662922689244,125,object_info_1,200,OK,HW_1 1-2,text,true,,231,163,5,5,http://162.55.220.72:5005/object_info_1?name=Kolya&age=31&weight=1300,125,0,62
1662922689273,138,user_info_2,200,OK,HW_1 1-3,text,true,,463,244,5,5,http://162.55.220.72:5005/user_info_2,138,0,68
1662922689302,126,user_info_3,200,OK,HW_1 1-1,text,true,,368,243,5,5,http://162.55.220.72:5005/user_info_3,126,0,62
1662922689303,139,user_info_2,200,OK,HW_1 1-5,text,true,,463,244,5,5,http://162.55.220.72:5005/user_info_2,139,0,68
1662922689370,118,object_info_2,200,OK,HW_1 1-2,text,true,,453,160,5,5,http://162.55.220.72:5005/object_info_2?name=Alex&age=30&salary=40,118,0,57
1662922689411,112,user_info_3,200,OK,HW_1 1-3,text,true,,368,243,5,5,http://162.55.220.72:5005/user_info_3,112,0,54
1662922689438,119,object_info_1,200,OK,HW_1 1-1,text,true,,231,163,5,5,http://162.55.220.72:5005/object_info_1?name=Kolya&age=31&weight=1300,119,0,58
1662922689442,133,user_info_3,200,OK,HW_1 1-5,text,true,,368,243,5,5,http://162.55.220.72:5005/user_info_3,133,0,65
1662922689488,136,object_info_3,200,OK,HW_1 1-2,text,true,,525,163,5,5,http://162.55.220.72:5005/object_info_3?name=Frank&age=27&salary=1200,135,0,67
1662922689523,131,object_info_1,200,OK,HW_1 1-3,text,true,,231,163,5,5,http://162.55.220.72:5005/object_info_1?name=Kolya&age=31&weight=1300,131,0,64
1662922689557,135,object_info_2,200,OK,HW_1 1-1,text,true,,453,160,5,5,http://162.55.220.72:5005/object_info_2?name=Alex&age=30&salary=40,135,0,67
1662922689575,135,object_info_1,200,OK,HW_1 1-5,text,true,,231,163,5,5,http://162.55.220.72:5005/object_info_1?name=Kolya&age=31&weight=1300,135,0,67
1662922689624,153,object_info_4,200,OK,HW_1 1-2,text,true,,235,161,5,5,http://162.55.220.72:5005/object_info_4?name=Jon&age=30&salary=1500,153,0,75
1662922689654,145,object_info_2,200,OK,HW_1 1-3,text,true,,453,160,5,5,http://162.55.220.72:5005/object_info_2?name=Alex&age=30&salary=40,144,0,69
1662922689693,111,object_info_3,200,OK,HW_1 1-1,text,true,,525,163,5,5,http://162.55.220.72:5005/object_info_3?name=Frank&age=27&salary=1200,111,0,54
1662922689710,109,object_info_2,200,OK,HW_1 1-5,text,true,,453,160,5,5,http://162.55.220.72:5005/object_info_2?name=Alex&age=30&salary=40,109,0,53
1662922689315,539,user_info_3,200,OK,HW_1 1-4,text,true,,368,243,5,5,http://162.55.220.72:5005/user_info_3,539,0,61
1662922689777,128,get_method,200,OK,HW_1 1-2,text,true,,168,147,5,5,http://162.55.220.72:5005/get_method?name=Ivan&age=32,128,0,62
1662922689799,119,object_info_3,200,OK,HW_1 1-3,text,true,,525,163,5,5,http://162.55.220.72:5005/object_info_3?name=Frank&age=27&salary=1200,119,0,58
1662922689819,109,object_info_3,200,OK,HW_1 1-5,text,true,,525,163,5,5,http://162.55.220.72:5005/object_info_3?name=Frank&age=27&salary=1200,109,0,53
1662922689804,127,object_info_4,200,OK,HW_1 1-1,text,true,,235,161,5,5,http://162.55.220.72:5005/object_info_4?name=Jon&age=30&salary=1500,126,0,62
1662922689854,132,object_info_1,200,OK,HW_1 1-4,text,true,,231,163,5,5,http://162.55.220.72:5005/object_info_1?name=Kolya&age=31&weight=1300,132,0,65
1662922689905,130,user_info_2,200,OK,HW_1 1-2,text,true,,463,244,5,5,http://162.55.220.72:5005/user_info_2,130,0,62
1662922689936,109,object_info_4,200,OK,HW_1 1-3,text,true,,235,161,5,5,http://162.55.220.72:5005/object_info_4?name=Jon&age=30&salary=1500,109,0,54
1662922689936,127,get_method,200,OK,HW_1 1-1,text,true,,168,147,5,5,http://162.55.220.72:5005/get_method?name=Ivan&age=32,127,0,64
1662922689936,158,object_info_4,200,OK,HW_1 1-5,text,true,,235,161,5,5,http://162.55.220.72:5005/object_info_4?name=Jon&age=30&salary=1500,158,0,78
1662922689986,136,object_info_2,200,OK,HW_1 1-4,text,true,,453,160,5,5,http://162.55.220.72:5005/object_info_2?name=Alex&age=30&salary=40,136,0,66
1662922690035,126,user_info_3,200,OK,HW_1 1-2,text,true,,368,243,5,5,http://162.55.220.72:5005/user_info_3,126,0,62
1662922690064,111,user_info_2,200,OK,HW_1 1-1,text,true,,463,244,5,5,http://162.55.220.72:5005/user_info_2,111,0,55
1662922690046,135,get_method,200,OK,HW_1 1-3,text,true,,168,147,5,5,http://162.55.220.72:5005/get_method?name=Ivan&age=32,134,0,66
1662922690094,118,get_method,200,OK,HW_1 1-5,text,true,,168,147,5,5,http://162.55.220.72:5005/get_method?name=Ivan&age=32,118,0,58
1662922690122,133,object_info_3,200,OK,HW_1 1-4,text,true,,525,163,5,5,http://162.55.220.72:5005/object_info_3?name=Frank&age=27&salary=1200,133,0,66
1662922690161,133,object_info_1,200,OK,HW_1 1-2,text,true,,231,163,5,5,http://162.55.220.72:5005/object_info_1?name=Kolya&age=31&weight=1300,133,0,65
1662922690176,130,user_info_3,200,OK,HW_1 1-1,text,true,,368,243,5,5,http://162.55.220.72:5005/user_info_3,130,0,64
1662922690181,153,user_info_2,200,OK,HW_1 1-3,text,true,,463,244,5,5,http://162.55.220.72:5005/user_info_2,152,0,74
1662922690212,156,user_info_2,200,OK,HW_1 1-5,text,true,,463,244,5,5,http://162.55.220.72:5005/user_info_2,156,0,76
1662922690255,145,object_info_4,200,OK,HW_1 1-4,text,true,,235,161,5,5,http://162.55.220.72:5005/object_info_4?name=Jon&age=30&salary=1500,144,0,71
1662922690294,133,object_info_2,200,OK,HW_1 1-2,text,true,,453,160,5,5,http://162.55.220.72:5005/object_info_2?name=Alex&age=30&salary=40,133,0,66
1662922690307,125,object_info_1,200,OK,HW_1 1-1,text,true,,231,163,5,5,http://162.55.220.72:5005/object_info_1?name=Kolya&age=31&weight=1300,125,0,61
1662922690334,110,user_info_3,200,OK,HW_1 1-3,text,true,,368,243,5,5,http://162.55.220.72:5005/user_info_3,110,0,54
1662922690368,119,user_info_3,200,OK,HW_1 1-5,text,true,,368,243,5,5,http://162.55.220.72:5005/user_info_3,119,0,58
1662922690400,116,get_method,200,OK,HW_1 1-4,text,true,,168,147,5,5,http://162.55.220.72:5005/get_method?name=Ivan&age=32,116,0,57
1662922690443,123,object_info_2,200,OK,HW_1 1-1,text,true,,453,160,5,5,http://162.55.220.72:5005/object_info_2?name=Alex&age=30&salary=40,123,0,61
1662922690443,134,object_info_3,200,OK,HW_1 1-2,text,true,,525,163,5,5,http://162.55.220.72:5005/object_info_3?name=Frank&age=27&salary=1200,134,0,65
1662922690444,134,object_info_1,200,OK,HW_1 1-3,text,true,,231,163,5,5,http://162.55.220.72:5005/object_info_1?name=Kolya&age=31&weight=1300,134,0,65
1662922690488,132,object_info_1,200,OK,HW_1 1-5,text,true,,231,163,5,5,http://162.55.220.72:5005/object_info_1?name=Kolya&age=31&weight=1300,131,0,65
1662922690516,146,user_info_2,200,OK,HW_1 1-4,text,true,,463,244,5,5,http://162.55.220.72:5005/user_info_2,146,0,72
1662922690578,136,object_info_2,200,OK,HW_1 1-3,text,true,,453,160,5,5,http://162.55.220.72:5005/object_info_2?name=Alex&age=30&salary=40,136,0,66
1662922690566,151,object_info_3,200,OK,HW_1 1-1,text,true,,525,163,5,5,http://162.55.220.72:5005/object_info_3?name=Frank&age=27&salary=1200,151,0,74
1662922690577,148,object_info_4,200,OK,HW_1 1-2,text,true,,235,161,5,5,http://162.55.220.72:5005/object_info_4?name=Jon&age=30&salary=1500,148,0,73
1662922690620,135,object_info_2,200,OK,HW_1 1-5,text,true,,453,160,5,5,http://162.55.220.72:5005/object_info_2?name=Alex&age=30&salary=40,135,0,66
1662922690662,112,user_info_3,200,OK,HW_1 1-4,text,true,,368,243,5,5,http://162.55.220.72:5005/user_info_3,111,0,54
1662922690717,111,object_info_4,200,OK,HW_1 1-1,text,true,,235,161,5,5,http://162.55.220.72:5005/object_info_4?name=Jon&age=30&salary=1500,111,0,54
1662922690725,126,get_method,200,OK,HW_1 1-2,text,true,,168,147,4,4,http://162.55.220.72:5005/get_method?name=Ivan&age=32,125,0,62
1662922690756,114,object_info_3,200,OK,HW_1 1-5,text,true,,525,163,4,4,http://162.55.220.72:5005/object_info_3?name=Frank&age=27&salary=1200,114,0,56
1662922690774,135,object_info_1,200,OK,HW_1 1-4,text,true,,231,163,4,4,http://162.55.220.72:5005/object_info_1?name=Kolya&age=31&weight=1300,135,0,66
1662922690851,110,user_info_2,200,OK,HW_1 1-2,text,true,,463,244,4,4,http://162.55.220.72:5005/user_info_2,110,0,53
1662922690871,134,object_info_4,200,OK,HW_1 1-5,text,true,,235,161,4,4,http://162.55.220.72:5005/object_info_4?name=Jon&age=30&salary=1500,134,0,65
1662922690910,109,object_info_2,200,OK,HW_1 1-4,text,true,,453,160,4,4,http://162.55.220.72:5005/object_info_2?name=Alex&age=30&salary=40,109,0,53
1662922691005,123,get_method,200,OK,HW_1 1-5,text,true,,168,147,4,4,http://162.55.220.72:5005/get_method?name=Ivan&age=32,123,0,61
1662922691019,132,object_info_3,200,OK,HW_1 1-4,text,true,,525,163,4,4,http://162.55.220.72:5005/object_info_3?name=Frank&age=27&salary=1200,132,0,65
1662922691129,154,user_info_2,200,OK,HW_1 1-5,text,true,,463,244,4,4,http://162.55.220.72:5005/user_info_2,154,0,76
1662922691151,133,object_info_4,200,OK,HW_1 1-4,text,true,,235,161,4,4,http://162.55.220.72:5005/object_info_4?name=Jon&age=30&salary=1500,133,0,64
1662922691284,133,get_method,200,OK,HW_1 1-4,text,true,,168,147,4,4,http://162.55.220.72:5005/get_method?name=Ivan&age=32,132,0,65
1662922691283,148,user_info_3,200,OK,HW_1 1-5,text,true,,368,243,4,4,http://162.55.220.72:5005/user_info_3,148,0,73
1662922691441,131,user_info_2,200,OK,HW_1 1-4,text,true,,463,244,4,4,http://162.55.220.72:5005/user_info_2,130,0,63
1662922691441,132,object_info_1,200,OK,HW_1 1-5,text,true,,231,163,4,4,http://162.55.220.72:5005/object_info_1?name=Kolya&age=31&weight=1300,132,0,65
1662922691573,128,object_info_2,200,OK,HW_1 1-5,text,true,,453,160,4,4,http://162.55.220.72:5005/object_info_2?name=Alex&age=30&salary=40,128,0,61
1662922691572,131,user_info_3,200,OK,HW_1 1-4,text,true,,368,243,4,4,http://162.55.220.72:5005/user_info_3,131,0,62
1662922691702,114,object_info_3,200,OK,HW_1 1-5,text,true,,525,163,4,4,http://162.55.220.72:5005/object_info_3?name=Frank&age=27&salary=1200,114,0,54
1662922690714,1148,object_info_3,200,OK,HW_1 1-3,text,true,,525,163,4,4,http://162.55.220.72:5005/object_info_3?name=Frank&age=27&salary=1200,1148,0,1088
1662922691703,237,object_info_1,200,OK,HW_1 1-4,text,true,,231,163,4,4,http://162.55.220.72:5005/object_info_1?name=Kolya&age=31&weight=1300,237,0,55
1662922691817,139,object_info_4,200,OK,HW_1 1-5,text,true,,235,161,4,4,http://162.55.220.72:5005/object_info_4?name=Jon&age=30&salary=1500,138,0,67
1662922691862,145,object_info_4,200,OK,HW_1 1-3,text,true,,235,161,4,4,http://162.55.220.72:5005/object_info_4?name=Jon&age=30&salary=1500,145,0,68
1662922691945,113,object_info_2,200,OK,HW_1 1-4,text,true,,453,160,4,4,http://162.55.220.72:5005/object_info_2?name=Alex&age=30&salary=40,113,0,55
1662922691956,131,get_method,200,OK,HW_1 1-5,text,true,,168,147,4,4,http://162.55.220.72:5005/get_method?name=Ivan&age=32,130,0,63
1662922690961,1142,user_info_3,200,OK,HW_1 1-2,text,true,,368,243,4,4,http://162.55.220.72:5005/user_info_3,1142,0,1073
1662922692007,151,get_method,200,OK,HW_1 1-3,text,true,,168,147,4,4,http://162.55.220.72:5005/get_method?name=Ivan&age=32,150,0,74
1662922692087,137,user_info_2,200,OK,HW_1 1-5,text,true,,463,244,4,4,http://162.55.220.72:5005/user_info_2,137,0,67
1662922692103,133,object_info_1,200,OK,HW_1 1-2,text,true,,231,163,4,4,http://162.55.220.72:5005/object_info_1?name=Kolya&age=31&weight=1300,133,0,64
1662922692158,155,user_info_2,200,OK,HW_1 1-3,text,true,,463,244,4,4,http://162.55.220.72:5005/user_info_2,155,0,76
1662922692237,113,object_info_2,200,OK,HW_1 1-2,text,true,,453,160,4,4,http://162.55.220.72:5005/object_info_2?name=Alex&age=30&salary=40,113,0,55
1662922692058,322,object_info_3,200,OK,HW_1 1-4,text,true,,525,163,4,4,http://162.55.220.72:5005/object_info_3?name=Frank&age=27&salary=1200,322,0,77
1662922692224,160,user_info_3,200,OK,HW_1 1-5,text,true,,368,243,4,4,http://162.55.220.72:5005/user_info_3,160,0,73
1662922692313,133,user_info_3,200,OK,HW_1 1-3,text,true,,368,243,4,4,http://162.55.220.72:5005/user_info_3,133,0,65
1662922692350,118,object_info_3,200,OK,HW_1 1-2,text,true,,525,163,4,4,http://162.55.220.72:5005/object_info_3?name=Frank&age=27&salary=1200,118,0,58
1662922692380,136,object_info_4,200,OK,HW_1 1-4,text,true,,235,161,4,4,http://162.55.220.72:5005/object_info_4?name=Jon&age=30&salary=1500,136,0,68
1662922692384,137,object_info_1,200,OK,HW_1 1-5,text,true,,231,163,4,4,http://162.55.220.72:5005/object_info_1?name=Kolya&age=31&weight=1300,137,0,69
1662922692450,109,object_info_1,200,OK,HW_1 1-3,text,true,,231,163,4,4,http://162.55.220.72:5005/object_info_1?name=Kolya&age=31&weight=1300,109,0,54
1662922692468,157,object_info_4,200,OK,HW_1 1-2,text,true,,235,161,4,4,http://162.55.220.72:5005/object_info_4?name=Jon&age=30&salary=1500,157,0,77
1662922692522,108,object_info_2,200,OK,HW_1 1-5,text,true,,453,160,4,4,http://162.55.220.72:5005/object_info_2?name=Alex&age=30&salary=40,108,0,53
1662922692517,132,get_method,200,OK,HW_1 1-4,text,true,,168,147,4,4,http://162.55.220.72:5005/get_method?name=Ivan&age=32,132,0,65
1662922692559,117,object_info_2,200,OK,HW_1 1-3,text,true,,453,160,4,4,http://162.55.220.72:5005/object_info_2?name=Alex&age=30&salary=40,116,0,57
1662922692625,131,get_method,200,OK,HW_1 1-2,text,true,,168,147,4,4,http://162.55.220.72:5005/get_method?name=Ivan&age=32,131,0,65
1662922692630,133,object_info_3,200,OK,HW_1 1-5,text,true,,525,163,4,4,http://162.55.220.72:5005/object_info_3?name=Frank&age=27&salary=1200,133,0,65
1662922692649,116,user_info_2,200,OK,HW_1 1-4,text,true,,463,244,4,4,http://162.55.220.72:5005/user_info_2,116,0,57
1662922692676,129,object_info_3,200,OK,HW_1 1-3,text,true,,525,163,4,4,http://162.55.220.72:5005/object_info_3?name=Frank&age=27&salary=1200,129,0,63
1662922692765,115,user_info_3,200,OK,HW_1 1-4,text,true,,368,243,4,4,http://162.55.220.72:5005/user_info_3,115,0,54
1662922692763,120,object_info_4,200,OK,HW_1 1-5,text,true,,235,161,4,4,http://162.55.220.72:5005/object_info_4?name=Jon&age=30&salary=1500,120,0,57
1662922692756,139,user_info_2,200,OK,HW_1 1-2,text,true,,463,244,3,3,http://162.55.220.72:5005/user_info_2,139,0,67
1662922692805,132,object_info_4,200,OK,HW_1 1-3,text,true,,235,161,3,3,http://162.55.220.72:5005/object_info_4?name=Jon&age=30&salary=1500,132,0,65
1662922692881,110,object_info_1,200,OK,HW_1 1-4,text,true,,231,163,2,2,http://162.55.220.72:5005/object_info_1?name=Kolya&age=31&weight=1300,110,0,53
1662922692895,136,user_info_3,200,OK,HW_1 1-2,text,true,,368,243,2,2,http://162.55.220.72:5005/user_info_3,136,0,66
1662922692992,155,object_info_2,200,OK,HW_1 1-4,text,true,,453,160,2,2,http://162.55.220.72:5005/object_info_2?name=Alex&age=30&salary=40,155,0,76
1662922693032,136,object_info_1,200,OK,HW_1 1-2,text,true,,231,163,2,2,http://162.55.220.72:5005/object_info_1?name=Kolya&age=31&weight=1300,136,0,66
1662922693148,131,object_info_3,200,OK,HW_1 1-4,text,true,,525,163,2,2,http://162.55.220.72:5005/object_info_3?name=Frank&age=27&salary=1200,131,0,64
1662922693168,118,object_info_2,200,OK,HW_1 1-2,text,true,,453,160,2,2,http://162.55.220.72:5005/object_info_2?name=Alex&age=30&salary=40,118,0,57
1662922693280,125,object_info_4,200,OK,HW_1 1-4,text,true,,235,161,2,2,http://162.55.220.72:5005/object_info_4?name=Jon&age=30&salary=1500,124,0,61
1662922693286,132,object_info_3,200,OK,HW_1 1-2,text,true,,525,163,1,1,http://162.55.220.72:5005/object_info_3?name=Frank&age=27&salary=1200,132,0,64
1662922693448,125,object_info_4,200,OK,HW_1 1-2,text,true,,235,161,1,1,http://162.55.220.72:5005/object_info_4?name=Jon&age=30&salary=1500,125,0,62
